"order_id","product_id","isProcessed"
"1","1","true"
"3","3","false"
"2","2","false"
"3","3","false"
"5","5","false"
"3","3","true"
"2","2","true"
"5","5","true"
"hmm","test","false"
"test","test","false"
"hmm","test","true"
"test","test","true"
"hello","hello","false"
"hello","hello","false"
"what","what","false"
"3","3","false"
"3","3","true"
"3","3","true"
"2","2","true"
"3","3","false"
"3","3","true"
"3","3","true"
"3","3","true"
"3","3","true"
"hello","hello","false"
"what","what","false"
"what","what","true"
"what","what","true"
"hmm","test","True"
"hello","hello","true"
"hello","hello","true"
"123","123","false"
"123","123","true"
"123","123","true"
"zxcv","zxcv","false"
"zxcv","zxcv","false"
"zxcv","zxcv","true"
"io","io","false"
"io","io","true"
"ert","ert","false"
"ert","ert","true"
"qf","qf","false"
"qf","qf","true"
"fk","fk","false"
"gk","gk","false"
"gk","gk","true"
"fk","fk","true"
"zxcv","zxcv","true"
